,title,vote_average,release_date,overview
1,Star Wars: Episode I - The Phantom Menace,6.4,1999-05-19,"Anakin Skywalker, a young slave strong with the Force, is discovered on Tatooine. Meanwhile, the evil Sith have returned, enacting their plot for revenge against the Jedi."
2,Star Wars: Episode II - Attack of the Clones,6.5,2002-05-16,"Following an assassination attempt on Senator Padm√© Amidala, Jedi Knights Anakin Skywalker and Obi-Wan Kenobi investigate a mysterious plot that could change the galaxy forever."
3,Star Wars: Episode III - Revenge of the Sith,7.3,2005-05-19,The evil Darth Sidious enacts his final plan for unlimited power -- and the heroic Jedi Anakin Skywalker must choose a side.
4,Solo: A Star Wars Story,6.6,2018-05-25,"Through a series of daring escapades deep within a dark and dangerous criminal underworld, Han Solo meets his mighty future copilot Chewbacca and encounters the notorious gambler Lando Calrissian."
5,Rogue One: A Star Wars Story,7.5,2016-12-16,A rogue band of resistance fighters unite for a mission to steal the Death Star plans and bring a new hope to the galaxy.
6,Star Wars,8.2,1997-01-31,Princess Leia is captured and held hostage by the evil Imperial forces in their effort to take over the galactic Empire. Venturesome Luke Skywalker and dashing captain Han Solo team together with the loveable robot duo R2-D2 and C-3PO to rescue the beautiful princess and restore peace and justice in the Empire.
7,The Empire Strikes Back,8.4,1980-05-21,"The epic saga continues as Luke Skywalker, in hopes of defeating the evil Galactic Empire, learns the ways of the Jedi from aging master Yoda. But Darth Vader is more determined than ever to capture Luke. Meanwhile, rebel leader Princess Leia, cocky Han Solo, Chewbacca, and droids C-3PO and R2-D2 are thrown into various stages of capture, betrayal and despair."
8,Return of the Jedi,8.0,1983-05-25,"Luke Skywalker leads a mission to rescue his friend Han Solo from the clutches of Jabba the Hutt, while the Emperor seeks to destroy the Rebellion once and for all with a second dreaded Death Star."
9,Star Wars: The Last Jedi,7.0,2017-12-15,"Rey develops her newly discovered abilities with the guidance of Luke Skywalker, who is unsettled by the strength of her powers. Meanwhile, the Resistance prepares to do battle with the First Order."
